{
    "resources": [
        {
            "name": "controller/ListarEmpleados-dbg.controller.js",
            "isDebug": true
        },
        {
            "name": "controller/Main.controller.js"
        },
        {
            "name": "model/json/Empleados.json"
        },
        {
            "name": "manifest.json"
        },
        {
            "name": "model/models.js"
        },
        {
            "name": "controller/MasterEmpleados.controller.js"
        },
        {
            "name": "model/json/TiposEmpleado.json"
        },
        {
            "name": "controller/ListarEmpleados.controller.js"
        },
        {
            "name": "controller/DetailEmpleados.controller.js"
        },
        {
            "name": "controller/CrearEmpleado.controller.js"
        },
        {
            "name": "controller/App.controller.js"
        },
        {
            "name": "Component.js"
        },
        {
            "name": "manifest-bundle.zip"
        },
        {
            "name": "Component-preload.js",
            "merged": true
        },
        {
            "name": "controller/App-dbg.controller.js",
            "isDebug": true
        },
        {
            "name": "controller/MasterEmpleados-dbg.controller.js",
            "isDebug": true
        },
        {
            "name": "controller/Main-dbg.controller.js",
            "isDebug": true
        },
        {
            "name": "i18n/i18n.properties",
            "raw": "i18n/i18n.properties"
        },
        {
            "name": "controller/DetailEmpleados-dbg.controller.js",
            "isDebug": true
        },
        {
            "name": "controller/CrearEmpleado-dbg.controller.js",
            "isDebug": true
        },
        {
            "name": "model/models-dbg.js",
            "isDebug": true
        },
        {
            "name": "Component-dbg.js",
            "isDebug": true
        },
        {
            "name": "../../sap-ui-version.json"
        },
        {
            "name": "view/MasterEmpleados.view.xml"
        },
        {
            "name": "view/Main.view.xml"
        },
        {
            "name": "view/ListarEmpleados.view.xml"
        },
        {
            "name": "view/DetailEmpleados.view.xml"
        },
        {
            "name": "view/CrearEmpleado.view.xml"
        },
        {
            "name": "view/App.view.xml"
        },
        {
            "name": "fragment/AscenderEmpleado.fragment.xml"
        },
        {
            "name": "css/style.css"
        },
        {
            "name": "index.html"
        }
    ]
}