{
  "manifest-bundle.zip": 1629614178329,
  "controller/Main.controller.js": 1628922464035,
  "model/json/Empleados.json": 1629260224658,
  "manifest.json": 1629614179003,
  "model/models.js": 1628648960898,
  "controller/MasterEmpleados.controller.js": 1629612620652,
  "model/json/TiposEmpleado.json": 1629090185716,
  "controller/ListarEmpleados.controller.js": 1629612526684,
  "controller/DetailEmpleados.controller.js": 1629612584176,
  "controller/CrearEmpleado.controller.js": 1629612380691,
  "controller/App.controller.js": 1628648960902,
  "Component.js": 1629611981397,
  "i18n/i18n.properties": 1629608230395,
  "Component-preload.js": 1629614178896,
  "controller/App-dbg.controller.js": 1628648960902,
  "controller/MasterEmpleados-dbg.controller.js": 1629612620652,
  "controller/Main-dbg.controller.js": 1628922464035,
  "controller/ListarEmpleados-dbg.controller.js": 1629612526684,
  "controller/DetailEmpleados-dbg.controller.js": 1629612584176,
  "controller/CrearEmpleado-dbg.controller.js": 1629612380691,
  "model/models-dbg.js": 1628648960898,
  "Component-dbg.js": 1629611981397,
  "resources.json": 1629614179007,
  "view/MasterEmpleados.view.xml": 1629611905145,
  "view/Main.view.xml": 1628658142748,
  "view/ListarEmpleados.view.xml": 1629611895117,
  "view/DetailEmpleados.view.xml": 1629613161811,
  "view/CrearEmpleado.view.xml": 1629611715364,
  "view/App.view.xml": 1629611630564,
  "fragment/AscenderEmpleado.fragment.xml": 1629612040562,
  "css/style.css": 1628910995855,
  "index.html": 1628648960894
}